Workbook

Sheet Users
A1: User_ID | B1: User_Name | C1: Email | D1: Role | E1: Created_At
A2: U001 | B2: User 01 | C2: saranya@mail.com | D2: Admin | E2: 45658
A3: U002 | B3: ="User "&TEXT(ROW()-1,"00") -> User 02 | C3: ="user"&TEXT(ROW()-1,"00")&"@example.com" -> user02@example.com | D3: Admin | E3: =DATE(2024,1,1)+RANDBETWEEN(0,120) -> 45384
A4: U003 | B4: ="User "&TEXT(ROW()-1,"00") -> User 03 | C4: ="user"&TEXT(ROW()-1,"00")&"@example.com" -> user03@example.com | D4: Admin | E4: =DATE(2024,1,1)+RANDBETWEEN(0,120) -> 45318
A5: U004 | B5: ="User "&TEXT(ROW()-1,"00") -> User 04 | C5: ="user"&TEXT(ROW()-1,"00")&"@example.com" -> user04@example.com | D5: Admin | E5: =DATE(2024,1,1)+RANDBETWEEN(0,120) -> 45316
A6: U005 | B6: ="User "&TEXT(ROW()-1,"00") -> User 05 | C6: ="user"&TEXT(ROW()-1,"00")&"@example.com" -> user05@example.com | D6: Admin | E6: =DATE(2024,1,1)+RANDBETWEEN(0,120) -> 45317
A7: U006 | B7: ="User "&TEXT(ROW()-1,"00") -> User 06 | C7: ="user"&TEXT(ROW()-1,"00")&"@example.com" -> user06@example.com | D7: Admin | E7: =DATE(2024,1,1)+RANDBETWEEN(0,120) -> 45334
A8: U007 | B8: ="User "&TEXT(ROW()-1,"00") -> User 07 | C8: ="user"&TEXT(ROW()-1,"00")&"@example.com" -> user07@example.com | D8: Admin | E8: =DATE(2024,1,1)+RANDBETWEEN(0,120) -> 45321
A9: U008 | B9: ="User "&TEXT(ROW()-1,"00") -> User 08 | C9: ="user"&TEXT(ROW()-1,"00")&"@example.com" -> user08@example.com | D9: Admin | E9: =DATE(2024,1,1)+RANDBETWEEN(0,120) -> 45319
A10: U009 | B10: ="User "&TEXT(ROW()-1,"00") -> User 09 | C10: ="user"&TEXT(ROW()-1,"00")&"@example.com" -> user09@example.com | D10: Admin | E10: =DATE(2024,1,1)+RANDBETWEEN(0,120) -> 45313
A11: U010 | B11: ="User "&TEXT(ROW()-1,"00") -> User 10 | C11: ="user"&TEXT(ROW()-1,"00")&"@example.com" -> user10@example.com | D11: Admin | E11: =DATE(2024,1,1)+RANDBETWEEN(0,120) -> 45412
A12: U011 | B12: ="User "&TEXT(ROW()-1,"00") -> User 11 | C12: ="user"&TEXT(ROW()-1,"00")&"@example.com" -> user11@example.com | D12: User | E12: =DATE(2024,1,1)+RANDBETWEEN(0,120) -> 45392
A13: U012 | B13: ="User "&TEXT(ROW()-1,"00") -> User 12 | C13: ="user"&TEXT(ROW()-1,"00")&"@example.com" -> user12@example.com | D13: User | E13: =DATE(2024,1,1)+RANDBETWEEN(0,120) -> 45404
A14: U013 | B14: ="User "&TEXT(ROW()-1,"00") -> User 13 | C14: ="user"&TEXT(ROW()-1,"00")&"@example.com" -> user13@example.com | D14: User | E14: =DATE(2024,1,1)+RANDBETWEEN(0,120) -> 45408
... A501: U500 | B501: ="User "&TEXT(ROW()-1,"00") -> User 500 | C501: ="user"&TEXT(ROW()-1,"00")&"@example.com" -> user500@example.com | D501: User | E501: =DATE(2024,1,1)+RANDBETWEEN(0,120) -> 45349

Sheet Projects
A1: Project_ID | B1: Project_Name | C1: Owner_User_ID | D1: Start_Date | E1: Status
A2: P001 | B2: ="Project "&TEXT(ROW()-1,"00") -> Project 01 | C2: U001 | D2: =DATE(2024,3,1)+RANDBETWEEN(0,90) -> 45383 | E2: Completed
A3: P002 | B3: ="Project "&TEXT(ROW()-1,"00") -> Project 02 | C3: U003 | D3: =DATE(2024,3,1)+RANDBETWEEN(0,90) -> 45375 | E3: Completed
A4: P003 | B4: ="Project "&TEXT(ROW()-1,"00") -> Project 03 | C4: U004 | D4: =DATE(2024,3,1)+RANDBETWEEN(0,90) -> 45384 | E4: Completed
A5: P004 | B5: ="Project "&TEXT(ROW()-1,"00") -> Project 04 | C5: U005 | D5: =DATE(2024,3,1)+RANDBETWEEN(0,90) -> 45430 | E5: Completed
A6: P005 | B6: ="Project "&TEXT(ROW()-1,"00") -> Project 05 | C6: U006 | D6: =DATE(2024,3,1)+RANDBETWEEN(0,90) -> 45412 | E6: Completed
A7: P006 | B7: ="Project "&TEXT(ROW()-1,"00") -> Project 06 | C7: U007 | D7: =DATE(2024,3,1)+RANDBETWEEN(0,90) -> 45380 | E7: Completed
A8: P007 | B8: ="Project "&TEXT(ROW()-1,"00") -> Project 07 | C8: U008 | D8: =DATE(2024,3,1)+RANDBETWEEN(0,90) -> 45399 | E8: Completed
A9: P008 | B9: ="Project "&TEXT(ROW()-1,"00") -> Project 08 | C9: U009 | D9: =DATE(2024,3,1)+RANDBETWEEN(0,90) -> 45395 | E9: Completed
A10: P009 | B10: ="Project "&TEXT(ROW()-1,"00") -> Project 09 | C10: U010 | D10: =DATE(2024,3,1)+RANDBETWEEN(0,90) -> 45372 | E10: Completed
A11: P010 | B11: ="Project "&TEXT(ROW()-1,"00") -> Project 10 | C11: U011 | D11: =DATE(2024,3,1)+RANDBETWEEN(0,90) -> 45362 | E11: Completed
A12: P011 | B12: ="Project "&TEXT(ROW()-1,"00") -> Project 11 | C12: U012 | D12: =DATE(2024,3,1)+RANDBETWEEN(0,90) -> 45361 | E12: Completed
A13: P012 | B13: ="Project "&TEXT(ROW()-1,"00") -> Project 12 | C13: U013 | D13: =DATE(2024,3,1)+RANDBETWEEN(0,90) -> 45407 | E13: Completed
... A501: P500 | B501: ="Project "&TEXT(ROW()-1,"00") -> Project 500 | C501: U501 | D501: =DATE(2024,3,1)+RANDBETWEEN(0,90) -> 45359 | E501: Completed

Sheet Assignments
A1: Assignment_ID | B1: User_ID | C1: Project_ID | D1: Assigned_Date | E1: UserProject_Key
A2: ="A"&TEXT(ROW()-1,"000") -> A001 | B2: {=INDEX(Users!$A$2:$A$41, RANDBETWEEN(1, ROWS(Users!$A$2:$A$41)))} -> U023 | C2: {=INDEX(Projects!$A$2:$A$21, RANDBETWEEN(1, ROWS(Projects!$A$2:$A$21)))} -> P003 | D2: =DATE(2024,4,1)+RANDBETWEEN(0,120) -> 45412 | E2: =IF(OR(B2="",C2=""),"",B2&"_"&C2) -> U023_P003
A3: ="A"&TEXT(ROW()-1,"000") -> A002 | B3: {=INDEX(Users!$A$2:$A$41, RANDBETWEEN(1, ROWS(Users!$A$2:$A$41)))} -> U005 | C3: {=INDEX(Projects!$A$2:$A$21, RANDBETWEEN(1, ROWS(Projects!$A$2:$A$21)))} -> P018 | D3: =DATE(2024,4,1)+RANDBETWEEN(0,120) -> 45443 | E3: =IF(OR(B3="",C3=""),"",B3&"_"&C3) -> U005_P018
A4: ="A"&TEXT(ROW()-1,"000") -> A003 | B4: {=INDEX(Users!$A$2:$A$41, RANDBETWEEN(1, ROWS(Users!$A$2:$A$41)))} -> U014 | C4: {=INDEX(Projects!$A$2:$A$21, RANDBETWEEN(1, ROWS(Projects!$A$2:$A$21)))} -> P009 | D4: =DATE(2024,4,1)+RANDBETWEEN(0,120) -> 45392 | E4: =IF(OR(B4="",C4=""),"",B4&"_"&C4) -> U014_P009
A5: ="A"&TEXT(ROW()-1,"000") -> A004 | B5: {=INDEX(Users!$A$2:$A$41, RANDBETWEEN(1, ROWS(Users!$A$2:$A$41)))} -> U035 | C5: {=INDEX(Projects!$A$2:$A$21, RANDBETWEEN(1, ROWS(Projects!$A$2:$A$21)))} -> P007 | D5: =DATE(2024,4,1)+RANDBETWEEN(0,120) -> 45433 | E5: =IF(OR(B5="",C5=""),"",B5&"_"&C5) -> U035_P007
A6: ="A"&TEXT(ROW()-1,"000") -> A005 | B6: {=INDEX(Users!$A$2:$A$41, RANDBETWEEN(1, ROWS(Users!$A$2:$A$41)))} -> U004 | C6: {=INDEX(Projects!$A$2:$A$21, RANDBETWEEN(1, ROWS(Projects!$A$2:$A$21)))} -> P012 | D6: =DATE(2024,4,1)+RANDBETWEEN(0,120) -> 45411 | E6: =IF(OR(B6="",C6=""),"",B6&"_"&C6) -> U004_P012
A7: ="A"&TEXT(ROW()-1,"000") -> A006 | B7: {=INDEX(Users!$A$2:$A$41, RANDBETWEEN(1, ROWS(Users!$A$2:$A$41)))} -> U032 | C7: {=INDEX(Projects!$A$2:$A$21, RANDBETWEEN(1, ROWS(Projects!$A$2:$A$21)))} -> P017 | D7: =DATE(2024,4,1)+RANDBETWEEN(0,120) -> 45417 | E7: =IF(OR(B7="",C7=""),"",B7&"_"&C7) -> U032_P017
A8: ="A"&TEXT(ROW()-1,"000") -> A007 | B8: {=INDEX(Users!$A$2:$A$41, RANDBETWEEN(1, ROWS(Users!$A$2:$A$41)))} -> U020 | C8: {=INDEX(Projects!$A$2:$A$21, RANDBETWEEN(1, ROWS(Projects!$A$2:$A$21)))} -> P011 | D8: =DATE(2024,4,1)+RANDBETWEEN(0,120) -> 45457 | E8: =IF(OR(B8="",C8=""),"",B8&"_"&C8) -> U020_P011
A9: ="A"&TEXT(ROW()-1,"000") -> A008 | B9: {=INDEX(Users!$A$2:$A$41, RANDBETWEEN(1, ROWS(Users!$A$2:$A$41)))} -> U023 | C9: {=INDEX(Projects!$A$2:$A$21, RANDBETWEEN(1, ROWS(Projects!$A$2:$A$21)))} -> P020 | D9: =DATE(2024,4,1)+RANDBETWEEN(0,120) -> 45452 | E9: =IF(OR(B9="",C9=""),"",B9&"_"&C9) -> U023_P020
A10: ="A"&TEXT(ROW()-1,"000") -> A009 | B10: {=INDEX(Users!$A$2:$A$41, RANDBETWEEN(1, ROWS(Users!$A$2:$A$41)))} -> U004 | C10: {=INDEX(Projects!$A$2:$A$21, RANDBETWEEN(1, ROWS(Projects!$A$2:$A$21)))} -> P013 | D10: =DATE(2024,4,1)+RANDBETWEEN(0,120) -> 45386 | E10: =IF(OR(B10="",C10=""),"",B10&"_"&C10) -> U004_P013
A11: ="A"&TEXT(ROW()-1,"000") -> A010 | B11: {=INDEX(Users!$A$2:$A$41, RANDBETWEEN(1, ROWS(Users!$A$2:$A$41)))} -> U037 | C11: {=INDEX(Projects!$A$2:$A$21, RANDBETWEEN(1, ROWS(Projects!$A$2:$A$21)))} -> P012 | D11: =DATE(2024,4,1)+RANDBETWEEN(0,120) -> 45459 | E11: =IF(OR(B11="",C11=""),"",B11&"_"&C11) -> U037_P012
A12: ="A"&TEXT(ROW()-1,"000") -> A011 | B12: {=INDEX(Users!$A$2:$A$41, RANDBETWEEN(1, ROWS(Users!$A$2:$A$41)))} -> U027 | C12: {=INDEX(Projects!$A$2:$A$21, RANDBETWEEN(1, ROWS(Projects!$A$2:$A$21)))} -> P014 | D12: =DATE(2024,4,1)+RANDBETWEEN(0,120) -> 45420 | E12: =IF(OR(B12="",C12=""),"",B12&"_"&C12) -> U027_P014
A13: ="A"&TEXT(ROW()-1,"000") -> A012 | B13: {=INDEX(Users!$A$2:$A$41, RANDBETWEEN(1, ROWS(Users!$A$2:$A$41)))} -> U022 | C13: {=INDEX(Projects!$A$2:$A$21, RANDBETWEEN(1, ROWS(Projects!$A$2:$A$21)))} -> P001 | D13: =DATE(2024,4,1)+RANDBETWEEN(0,120) -> 45455 | E13: =IF(OR(B13="",C13=""),"",B13&"_"&C13) -> U022_P001
... A501: ="A"&TEXT(ROW()-1,"000") -> A500 | B501: {=INDEX(Users!$A$2:$A$41, RANDBETWEEN(1, ROWS(Users!$A$2:$A$41)))} -> U034 | C501: {=INDEX(Projects!$A$2:$A$21, RANDBETWEEN(1, ROWS(Projects!$A$2:$A$21)))} -> P004 | D501: =DATE(2024,4,1)+RANDBETWEEN(0,120) -> 45501 | E501: =IF(OR(B501="",C501=""),"",B501&"_"&C501) -> U034_P004

Sheet Audit_Log
A1: Log_ID | B1: Table_Name | C1: Record_ID | D1: Action | E1: Details | F1: Timestamp
A2: {=IF(LEN(C2:C1000), "L"&TEXT(ROW(C2:C1000)-1,"0000"), )} -> L0001 | B2: Users | C2: U001 | D2: INSERT | E2: Created Admin user
A3: L0002 | B3: Projects | C3: P001 | D3: INSERT | E3: Created project Mood Tracker
A4: L0003 | B4: Assignments | C4: A001 | D4: INSERT | E4: Assigned U001 to P001
A5: L0004 | B5: Users | C5: U002 | D5: INSERT | E5: Test entry
B6: Projects | E6: Second test entry | F6: 46018.967
A7: L0006 | B7: Users | C7: U001 | D7: UPDATE | E7: User_Name: "Saranya" → "Saranya Reddy" | F7: 46018.981
A8: L0007 | B8: Users | C8: U001 | D8: UPDATE | E8: User_Name: "Saranya Reddy." → "Saranya Reddy" | F8: 46018.996
A9: L0008 | B9: Users | C9: U001 | D9: UPDATE | E9: User_Name: "Saranya Reddy." → "Saranya Reddy" | F9: 46018.997
A10: L0009 | B10: Users | C10: U001 | D10: INSERT | E10: User_ID: "" → "U001" | F10: 46018.997
A11: L0010 | B11: Users | C11: U001 | D11: INSERT | E11: User_ID: "" → "U001" | F11: 46018.997
A12: L0011 | B12: Users | C12: U001 | D12: UPDATE | E12: User_Name: "Saranya Reddy" → "" | F12: 46018.997
A13: L0012 | B13: Users | C13: U001 | D13: UPDATE | E13: User_Name: "Saranya Reddy" → "" | F13: 46018.997
A14: L0013 | B14: Users | C14: U001 | D14: INSERT | E14: User_Name: "" → "Saranya Reddy P" | F14: 46018.997
A15: L0014 | B15: Users | C15: U001 | D15: INSERT | E15: User_Name: "" → "Saranya Reddy P" | F15: 46018.997
A16: L0015 | B16: Users | C16: U001 | D16: UPDATE | E16: User_Name: "Saranya Reddy P" → "Saranya Reddy " | F16: 46019
A17: L0016 | B17: Users | C17: U001 | D17: UPDATE | E17: User_Name: "Saranya Reddy P" → "Saranya Reddy " | F17: 46019
A18: L0017 | B18: Users | C18: U002 | D18: INSERT | E18: User_ID: "" → "U002" | F18: 46019.002
... A517: L0516 | B517: Projects | C517: P200 | D517: INSERT | E517: Status: "" → "Completed" | F517: 46019.058

Sheet Users_History
A1: Version_ID | B1: Record_ID | C1: Version_No | D1: Changed_At | E1: Changed_By | F1: Snapshot_JSON
A2: V662289FB | B2: U001 | C2: 1 | D2: 46019 | E2: saranyareddy284@gmail.com | F2: {"table":"Users","record_id":"U001","version":1,"changed_at":"2025-12-28T06:00:37.785Z","changed_by":"saranyareddy284@gmail.com","changed_field":"User_Name","old_value":"Saranya Reddy P","new_value":"Saranya Reddy ","row":{"User_ID":"U001","User_Name":"Saranya Reddy ","Email":"saranya@mail.com","Role":"User","Created_At":"2025-01-01T06:00:00.000Z"}}
A3: VB016EB2F | B3: U001 | C3: 2 | D3: 46019 | E3: saranyareddy284@gmail.com | F3: {"table":"Users","record_id":"U001","version":2,"changed_at":"2025-12-28T06:00:39.387Z","changed_by":"saranyareddy284@gmail.com","changed_field":"User_Name","old_value":"Saranya Reddy P","new_value":"Saranya Reddy ","row":{"User_ID":"U001","User_Name":"Saranya Reddy ","Email":"saranya@mail.com","Role":"User","Created_At":"2025-01-01T06:00:00.000Z"}}
A4: VD7E652F4 | B4: U002 | C4: 1 | D4: 46019.002 | E4: saranyareddy284@gmail.com | F4: {"table":"Users","record_id":"U002","version":1,"changed_at":"2025-12-28T06:03:27.351Z","changed_by":"saranyareddy284@gmail.com","changed_field":"User_ID","old_value":"","new_value":"U002","row":{"User_ID":"U002","User_Name":"","Email":"","Role":"","Created_At":""}}
A5: V989C9727 | B5: U002 | C5: 2 | D5: 46019.002 | E5: saranyareddy284@gmail.com | F5: {"table":"Users","record_id":"U002","version":2,"changed_at":"2025-12-28T06:03:29.211Z","changed_by":"saranyareddy284@gmail.com","changed_field":"User_ID","old_value":"","new_value":"U002","row":{"User_ID":"U002","User_Name":"","Email":"","Role":"","Created_At":""}}
A6: V17758F58 | B6: U003 | C6: 1 | D6: 46019.002 | E6: saranyareddy284@gmail.com | F6: {"table":"Users","record_id":"U003","version":1,"changed_at":"2025-12-28T06:03:29.770Z","changed_by":"saranyareddy284@gmail.com","changed_field":"User_ID","old_value":"","new_value":"U003","row":{"User_ID":"U003","User_Name":"","Email":"","Role":"","Created_At":""}}
A7: V2AB1C78E | B7: U003 | C7: 2 | D7: 46019.002 | E7: saranyareddy284@gmail.com | F7: {"table":"Users","record_id":"U003","version":2,"changed_at":"2025-12-28T06:03:33.217Z","changed_by":"saranyareddy284@gmail.com","changed_field":"User_ID","old_value":"","new_value":"U003","row":{"User_ID":"U003","User_Name":"","Email":"","Role":"","Created_At":""}}
A8: V76E233BE | B8: U002 | C8: 3 | D8: 46019.003 | E8: saranyareddy284@gmail.com | F8: {"table":"Users","record_id":"U002","version":3,"changed_at":"2025-12-28T06:04:49.098Z","changed_by":"saranyareddy284@gmail.com","changed_field":"User_Name","old_value":"","new_value":"=\"User \"&TEXT(ROW()-1,\"00\")","row":{"User_ID":"U002","User_Name":"User 02","Email":"","Role":"","Created_At":""}}
A9: VC60214DB | B9: U002 | C9: 3 | D9: 46019.003 | E9: saranyareddy284@gmail.com | F9: {"table":"Users","record_id":"U002","version":3,"changed_at":"2025-12-28T06:04:49.544Z","changed_by":"saranyareddy284@gmail.com","changed_field":"User_Name","old_value":"","new_value":"=\"User \"&TEXT(ROW()-1,\"00\")","row":{"User_ID":"U002","User_Name":"User 02","Email":"","Role":"","Created_At":""}}
A10: V556DBF43 | B10: U001 | C10: 3 | D10: 46019.004 | E10: saranyareddy284@gmail.com | F10: {"table":"Users","record_id":"U001","version":3,"changed_at":"2025-12-28T06:05:21.510Z","changed_by":"saranyareddy284@gmail.com","changed_field":"User_Name","old_value":"Saranya Reddy ","new_value":"User 01","row":{"User_ID":"U001","User_Name":"User 01","Email":"saranya@mail.com","Role":"User","Created_At":"2025-01-01T06:00:00.000Z"}}
A11: V098BACB4 | B11: U001 | C11: 3 | D11: 46019.004 | E11: saranyareddy284@gmail.com | F11: {"table":"Users","record_id":"U001","version":3,"changed_at":"2025-12-28T06:05:21.750Z","changed_by":"saranyareddy284@gmail.com","changed_field":"User_Name","old_value":"Saranya Reddy ","new_value":"User 01","row":{"User_ID":"U001","User_Name":"User 01","Email":"saranya@mail.com","Role":"User","Created_At":"2025-01-01T06:00:00.000Z"}}
A12: V1E23E91F | B12: U002 | C12: 4 | D12: 46019.004 | E12: saranyareddy284@gmail.com | F12: {"table":"Users","record_id":"U002","version":4,"changed_at":"2025-12-28T06:05:55.205Z","changed_by":"saranyareddy284@gmail.com","changed_field":"Email","old_value":"","new_value":"=\"user\"&TEXT(ROW()-1,\"00\")&@example.com\"\"","row":{"User_ID":"U002","User_Name":"User 02","Email":"#ERROR!","Role":"","Created_At":""}}
A13: VE4D13B5E | B13: U002 | C13: 5 | D13: 46019.004 | E13: saranyareddy284@gmail.com | F13: {"table":"Users","record_id":"U002","version":5,"changed_at":"2025-12-28T06:05:58.073Z","changed_by":"saranyareddy284@gmail.com","changed_field":"Email","old_value":"","new_value":"=\"user\"&TEXT(ROW()-1,\"00\")&@example.com\"\"","row":{"User_ID":"U002","User_Name":"User 02","Email":"","Role":"","Created_At":""}}
... A93: V3E9970D9 | B93: U010 | C93: 2 | D93: 46019.047 | E93: saranyareddy284@gmail.com | F93: {"table":"Users","record_id":"U010","version":2,"changed_at":"2025-12-28T07:07:46.438Z","changed_by":"saranyareddy284@gmail.com","changed_field":"Role","old_value":"User","new_value":"Admin","row":{"User_ID":"U010","User_Name":"User 10","Email":"user10@example.com","Role":"Admin","Created_At":"2024-03-13T05:00:00.000Z"}}

Sheet Projects_History
A1: Version_ID | B1: Record_ID | C1: Version_No | D1: Changed_At | E1: Changed_By | F1: Snapshot_JSON
A2: V9C7D34E6 | B2: P004 | C2: 1 | D2: 46019.044 | E2: saranyareddy284@gmail.com | F2: {"table":"Projects","record_id":"P004","version":1,"changed_at":"2025-12-28T07:03:33.481Z","changed_by":"saranyareddy284@gmail.com","changed_field":"Status","old_value":"Completed","new_value":"On Hold","row":{"Project_ID":"P004","Project_Name":"Project 04","Owner_User_ID":"U007","Start_Date":"2024-03-11T05:00:00.000Z","Status":"On Hold"}}
A3: V4FF64553 | B3: P004 | C3: 1 | D3: 46019.044 | E3: saranyareddy284@gmail.com | F3: {"table":"Projects","record_id":"P004","version":1,"changed_at":"2025-12-28T07:03:34.047Z","changed_by":"saranyareddy284@gmail.com","changed_field":"Status","old_value":"Completed","new_value":"On Hold","row":{"Project_ID":"P004","Project_Name":"Project 04","Owner_User_ID":"U007","Start_Date":"2024-05-21T05:00:00.000Z","Status":"On Hold"}}
A4: V6699B55A | B4: P051 | C4: 1 | D4: 46019.048 | E4: saranyareddy284@gmail.com | F4: {"table":"Projects","record_id":"P051","version":1,"changed_at":"2025-12-28T07:09:45.506Z","changed_by":"saranyareddy284@gmail.com","changed_field":"Owner_User_ID","old_value":"","new_value":"U001","row":{"Project_ID":"P051","Project_Name":"Project 51","Owner_User_ID":"U001","Start_Date":"","Status":""}}
A5: VF35C12E0 | B5: P051 | C5: 1 | D5: 46019.048 | E5: saranyareddy284@gmail.com | F5: {"table":"Projects","record_id":"P051","version":1,"changed_at":"2025-12-28T07:09:46.131Z","changed_by":"saranyareddy284@gmail.com","changed_field":"Owner_User_ID","old_value":"","new_value":"U001","row":{"Project_ID":"P051","Project_Name":"Project 51","Owner_User_ID":"U001","Start_Date":"","Status":""}}
A6: V8BC8B2CA | B6: P052 | C6: 1 | D6: 46019.048 | E6: saranyareddy284@gmail.com | F6: {"table":"Projects","record_id":"P052","version":1,"changed_at":"2025-12-28T07:09:48.360Z","changed_by":"saranyareddy284@gmail.com","changed_field":"Owner_User_ID","old_value":"","new_value":"U002","row":{"Project_ID":"P052","Project_Name":"Project 52","Owner_User_ID":"U002","Start_Date":"","Status":""}}
A7: V7A5972C3 | B7: P052 | C7: 1 | D7: 46019.048 | E7: saranyareddy284@gmail.com | F7: {"table":"Projects","record_id":"P052","version":1,"changed_at":"2025-12-28T07:09:48.356Z","changed_by":"saranyareddy284@gmail.com","changed_field":"Owner_User_ID","old_value":"","new_value":"U002","row":{"Project_ID":"P052","Project_Name":"Project 52","Owner_User_ID":"U002","Start_Date":"","Status":""}}
A8: VFAA7F654 | B8: P053 | C8: 1 | D8: 46019.049 | E8: saranyareddy284@gmail.com | F8: {"table":"Projects","record_id":"P053","version":1,"changed_at":"2025-12-28T07:09:50.730Z","changed_by":"saranyareddy284@gmail.com","changed_field":"Owner_User_ID","old_value":"","new_value":"U003","row":{"Project_ID":"P053","Project_Name":"Project 53","Owner_User_ID":"U003","Start_Date":"","Status":""}}
A9: V34859AE6 | B9: P053 | C9: 2 | D9: 46019.049 | E9: saranyareddy284@gmail.com | F9: {"table":"Projects","record_id":"P053","version":2,"changed_at":"2025-12-28T07:09:52.234Z","changed_by":"saranyareddy284@gmail.com","changed_field":"Owner_User_ID","old_value":"","new_value":"U003","row":{"Project_ID":"P053","Project_Name":"Project 53","Owner_User_ID":"U003","Start_Date":"","Status":""}}
A10: VE2ABFF8F | B10: P054 | C10: 1 | D10: 46019.049 | E10: saranyareddy284@gmail.com | F10: {"table":"Projects","record_id":"P054","version":1,"changed_at":"2025-12-28T07:09:53.239Z","changed_by":"saranyareddy284@gmail.com","changed_field":"Owner_User_ID","old_value":"","new_value":"U004","row":{"Project_ID":"P054","Project_Name":"Project 54","Owner_User_ID":"U004","Start_Date":"","Status":""}}
A11: V4892009B | B11: P054 | C11: 2 | D11: 46019.049 | E11: saranyareddy284@gmail.com | F11: {"table":"Projects","record_id":"P054","version":2,"changed_at":"2025-12-28T07:09:54.014Z","changed_by":"saranyareddy284@gmail.com","changed_field":"Owner_User_ID","old_value":"","new_value":"U004","row":{"Project_ID":"P054","Project_Name":"Project 54","Owner_User_ID":"U004","Start_Date":"","Status":""}}
A12: VDD9F4E6C | B12: P055 | C12: 1 | D12: 46019.049 | E12: saranyareddy284@gmail.com | F12: {"table":"Projects","record_id":"P055","version":1,"changed_at":"2025-12-28T07:09:57.849Z","changed_by":"saranyareddy284@gmail.com","changed_field":"Owner_User_ID","old_value":"","new_value":"U005","row":{"Project_ID":"P055","Project_Name":"Project 55","Owner_User_ID":"U005","Start_Date":"","Status":""}}
A13: VFFA44F54 | B13: P056 | C13: 1 | D13: 46019.049 | E13: saranyareddy284@gmail.com | F13: {"table":"Projects","record_id":"P056","version":1,"changed_at":"2025-12-28T07:10:00.723Z","changed_by":"saranyareddy284@gmail.com","changed_field":"Owner_User_ID","old_value":"","new_value":"U006","row":{"Project_ID":"P056","Project_Name":"Project 56","Owner_User_ID":"U006","Start_Date":"","Status":""}}
... A392: V767941A2 | B392: P188 | C392: 3 | D392: 46019.058 | E392: saranyareddy284@gmail.com | F392: {"table":"Projects","record_id":"P188","version":3,"changed_at":"2025-12-28T07:23:39.881Z","changed_by":"saranyareddy284@gmail.com","changed_field":"Status","old_value":"","new_value":"Active","row":{"Project_ID":"P188","Project_Name":"Project 188","Owner_User_ID":"U134","Start_Date":"","Status":"Active"}}

Sheet Assignments_History
A1: Version_ID | B1: Record_ID | C1: Version_No | D1: Changed_At | E1: Changed_By | F1: Snapshot_JSON
A2: V864C6AD8 | B2: A011 | C2: 1 | D2: 46019.044 | E2: saranyareddy284@gmail.com | F2: {"table":"Assignments","record_id":"A011","version":1,"changed_at":"2025-12-28T07:03:47.890Z","changed_by":"saranyareddy284@gmail.com","changed_field":"Assigned_Date","old_value":"45388.0","new_value":"","row":{"Assignment_ID":"A011","User_ID":"U012","Project_ID":"P011","Assigned_Date":"","UserProject_Key":"U012_P011"}}
A3: V37BA1088 | B3: A011 | C3: 2 | D3: 46019.044 | E3: saranyareddy284@gmail.com | F3: {"table":"Assignments","record_id":"A011","version":2,"changed_at":"2025-12-28T07:03:49.489Z","changed_by":"saranyareddy284@gmail.com","changed_field":"Assigned_Date","old_value":"45388.0","new_value":"","row":{"Assignment_ID":"A011","User_ID":"U012","Project_ID":"P011","Assigned_Date":"","UserProject_Key":"U012_P011"}}
A4: V404A3DA0 | B4: A011 | C4: 3 | D4: 46019.044 | E4: saranyareddy284@gmail.com | F4: {"table":"Assignments","record_id":"A011","version":3,"changed_at":"2025-12-28T07:03:53.642Z","changed_by":"saranyareddy284@gmail.com","changed_field":"Assigned_Date","old_value":"","new_value":"45505","row":{"Assignment_ID":"A011","User_ID":"U012","Project_ID":"P011","Assigned_Date":"2024-08-01T05:00:00.000Z","UserProject_Key":"U012_P011"}}
A5: V09585301 | B5: A011 | C5: 3 | D5: 46019.044 | E5: saranyareddy284@gmail.com | F5: {"table":"Assignments","record_id":"A011","version":3,"changed_at":"2025-12-28T07:03:53.947Z","changed_by":"saranyareddy284@gmail.com","changed_field":"Assigned_Date","old_value":"","new_value":"45505","row":{"Assignment_ID":"A011","User_ID":"U012","Project_ID":"P011","Assigned_Date":"2024-08-01T05:00:00.000Z","UserProject_Key":"U012_P011"}}

Sheet DB_Admin
A1: DB Admin Console
A3: Search User by User_ID | B3: U001
A4: User_Name | B4: =IFERROR(VLOOKUP($B$3,Users!A:E,2,FALSE),"") -> User 01
A5: Email | B5: =IFERROR(VLOOKUP($B$3,Users!A:E,3,FALSE),"") -> saranya@mail.com
A6: Role | B6: =IFERROR(VLOOKUP($B$3,Users!A:E,4,FALSE),"") -> Admin
A7: Search Project by Project_ID | B7: P001
A8: Project_Name | B8: =IFERROR(VLOOKUP($B$7,Projects!A:E,2,FALSE),"") -> Project 01
A9: Owner_User_ID | B9: =IFERROR(VLOOKUP($B$7,Projects!A:E,3,FALSE),"") -> U001
A10: Status | B10: =IFERROR(VLOOKUP($B$7,Projects!A:E,5,FALSE),"") -> Completed
A11: Show all Assignments for a User | B11: U001
A13: Assignments(User -> Projects)
A14: =IFERROR(__xludf.DUMMYFUNCTION("IF($B$11="""","""",FILTER(Assignments!A:D,Assignments!B:B=$B$11))"),"A041") -> A041 | B14: =IFERROR(__xludf.DUMMYFUNCTION("""COMPUTED_VALUE"""),"U001") -> U001 | C14: =IFERROR(__xludf.DUMMYFUNCTION("""COMPUTED_VALUE"""),"P019") -> P019 | D14: =IFERROR(__xludf.DUMMYFUNCTION("""COMPUTED_VALUE"""),45396.0) -> 45396
A15: =IFERROR(__xludf.DUMMYFUNCTION("""COMPUTED_VALUE"""),"A062") -> A062 | B15: =IFERROR(__xludf.DUMMYFUNCTION("""COMPUTED_VALUE"""),"U001") -> U001 | C15: =IFERROR(__xludf.DUMMYFUNCTION("""COMPUTED_VALUE"""),"P002") -> P002 | D15: =IFERROR(__xludf.DUMMYFUNCTION("""COMPUTED_VALUE"""),45432.0) -> 45432
A16: =IFERROR(__xludf.DUMMYFUNCTION("""COMPUTED_VALUE"""),"A071") -> A071 | B16: =IFERROR(__xludf.DUMMYFUNCTION("""COMPUTED_VALUE"""),"U001") -> U001 | C16: =IFERROR(__xludf.DUMMYFUNCTION("""COMPUTED_VALUE"""),"P019") -> P019 | D16: =IFERROR(__xludf.DUMMYFUNCTION("""COMPUTED_VALUE"""),45441.0) -> 45441
A17: =IFERROR(__xludf.DUMMYFUNCTION("""COMPUTED_VALUE"""),"A176") -> A176 | B17: =IFERROR(__xludf.DUMMYFUNCTION("""COMPUTED_VALUE"""),"U001") -> U001 | C17: =IFERROR(__xludf.DUMMYFUNCTION("""COMPUTED_VALUE"""),"P002") -> P002 | D17: =IFERROR(__xludf.DUMMYFUNCTION("""COMPUTED_VALUE"""),45492.0) -> 45492
A18: =IFERROR(__xludf.DUMMYFUNCTION("""COMPUTED_VALUE"""),"A223") -> A223 | B18: =IFERROR(__xludf.DUMMYFUNCTION("""COMPUTED_VALUE"""),"U001") -> U001 | C18: =IFERROR(__xludf.DUMMYFUNCTION("""COMPUTED_VALUE"""),"P002") -> P002 | D18: =IFERROR(__xludf.DUMMYFUNCTION("""COMPUTED_VALUE"""),45423.0) -> 45423
A19: =IFERROR(__xludf.DUMMYFUNCTION("""COMPUTED_VALUE"""),"A284") -> A284 | B19: =IFERROR(__xludf.DUMMYFUNCTION("""COMPUTED_VALUE"""),"U001") -> U001 | C19: =IFERROR(__xludf.DUMMYFUNCTION("""COMPUTED_VALUE"""),"P012") -> P012 | D19: =IFERROR(__xludf.DUMMYFUNCTION("""COMPUTED_VALUE"""),45420.0) -> 45420
A20: =IFERROR(__xludf.DUMMYFUNCTION("""COMPUTED_VALUE"""),"A331") -> A331 | B20: =IFERROR(__xludf.DUMMYFUNCTION("""COMPUTED_VALUE"""),"U001") -> U001 | C20: =IFERROR(__xludf.DUMMYFUNCTION("""COMPUTED_VALUE"""),"P010") -> P010 | D20: =IFERROR(__xludf.DUMMYFUNCTION("""COMPUTED_VALUE"""),45460.0) -> 45460
A21: =IFERROR(__xludf.DUMMYFUNCTION("""COMPUTED_VALUE"""),"A357") -> A357 | B21: =IFERROR(__xludf.DUMMYFUNCTION("""COMPUTED_VALUE"""),"U001") -> U001 | C21: =IFERROR(__xludf.DUMMYFUNCTION("""COMPUTED_VALUE"""),"P020") -> P020 | D21: =IFERROR(__xludf.DUMMYFUNCTION("""COMPUTED_VALUE"""),45469.0) -> 45469

Sheet Error_Log
A1: Error_ID | B1: Table_Name | C1: Error_Type | D1: Description | E1: Time_Logged | G1: Integrity_Checks
A2: ="E"&TEXT(ROW()-1,"000") -> E001 | E2: =IF(D2<>"",NOW(),"")
G3: Duplicate User_IDs: | H3: =IFERROR(__xludf.DUMMYFUNCTION("IFERROR(TEXTJOIN("", "",TRUE,UNIQUE(FILTER(Users!A2:A1000,Users!A2:A1000<>"""",COUNTIF(Users!A2:A1000,Users!A2:A1000)>1))),""None"")"),"None") -> None
G4: Duplicate User_IDs: | H4: =IFERROR(__xludf.DUMMYFUNCTION("IFERROR(TEXTJOIN("", "",TRUE,UNIQUE(FILTER(Projects!A2:A1000,Projects!A2:A1000<>"""",COUNTIF(Projects!A2:A1000,Projects!A2:A1000)>1))),""None"")"),"None") -> None
G5: Assignments with invalid User_ID: | H5: =IFERROR(__xludf.DUMMYFUNCTION("IFERROR(TEXTJOIN("", "",TRUE,UNIQUE(FILTER(Assignments!B2:B1000,Assignments!B2:B1000<>"""",ISNA(MATCH(Assignments!B2:B1000,Users!A2:A1000,0))))),""None"")"),"None") -> None
G6: Assignments with invalid Project_ID: | H6: =IFERROR(__xludf.DUMMYFUNCTION("IFERROR(TEXTJOIN("", "",TRUE,UNIQUE(FILTER(Assignments!C2:C1000,Assignments!C2:C1000<>"""",ISNA(MATCH(Assignments!C2:C1000,Projects!A2:A1000,0))))),""None"")"),"None") -> None
